,City,Latitude,Longitude,Max Temp,Humidity,Cloudiness,Wind Speed,Country,Date
0,Bonavista,48.6499,-53.1147,58.17,96,100,17.65,CA,1595818800
1,Laguna,38.421,-121.4238,88.32,29,5,12.5,US,1595818800
2,Hilo,19.7297,-155.09,82.53,63,95,15.82,US,1595818800
3,Mizdah,31.4451,12.9801,70.47,50,0,2.64,LY,1595818800
4,Codrington,-38.2667,141.9667,54.55,74,60,20.4,AU,1595818800
5,Nikolskoye,59.7035,30.7861,54.66,85,1,2.51,RU,1595818800
6,Palma Gil,7.6422,125.6292,88.36,70,14,2.66,PH,1595818800
7,Ushuaia,-54.8,-68.3,31.08,95,93,5.32,AR,1595818800
8,Punta Arenas,-53.15,-70.9167,35.11,81,52,14.27,CL,1595818800
9,Pevek,69.7008,170.3133,49.75,79,51,21.81,RU,1595818800
10,Kaitangata,-46.2817,169.8464,51.03,64,0,2.15,NZ,1595818800
11,Esperance,-33.8667,121.9,63.5,76,93,21.83,AU,1595818800
12,Arucas,28.1198,-15.5233,69.51,79,70,15.48,ES,1595818800
13,Boende,-0.2167,20.8667,70.02,96,53,2.93,CD,1595818800
14,Port Hardy,50.6996,-127.4199,65.53,77,12,12.77,CA,1595818800
15,Thompson,55.7435,-97.8558,58.8,86,87,4.07,CA,1595818800
16,Hithadhoo,-0.6,73.0833,82.54,66,85,3.8,MV,1595818800
17,Marabu,4.4148,114.0089,83.53,88,51,1.32,MY,1595818800
18,Brainerd,46.358,-94.2008,70.02,63,1,5.1,US,1595818800
19,Hermanus,-34.4187,19.2345,49.39,81,6,13.11,ZA,1595818800
20,Hobart,-42.8794,147.3294,54.09,74,87,6.85,AU,1595818800
21,Mataura,-46.1927,168.8643,51.03,72,0,2.21,NZ,1595818800
22,Alofi,-19.0595,-169.9187,74.5,91,33,19.04,NU,1595818800
23,Hamilton,39.1834,-84.5333,84.04,68,1,6.51,US,1595818800
24,Busselton,-33.65,115.3333,66.74,80,78,22.7,AU,1595818800
25,Dikson,73.5069,80.5464,37.92,88,94,13.85,RU,1595818800
26,Pacific Grove,36.6177,-121.9166,61.93,78,16,2.91,US,1595818800
27,Atuona,-9.8,-139.0333,80.42,72,3,23.76,PF,1595818800
28,Lebu,-37.6167,-73.65,48.58,82,82,7.87,CL,1595818800
29,Kapaa,22.0752,-159.319,80.56,71,95,16.82,US,1595818800
30,La Plata,-34.9215,-57.9545,52.7,74,23,10.58,AR,1595818800
31,Manaia,-39.55,174.1333,54.54,73,3,4.34,NZ,1595818800
32,Albany,42.6001,-73.9662,78.15,67,80,6.24,US,1595818800
33,Cadillac,44.2519,-85.4012,75.78,84,71,7.27,US,1595818800
34,Bluff,-46.6,168.3333,50.59,75,0,4.5,NZ,1595818800
35,Saint George,37.1041,-113.5841,96.76,11,3,8.63,US,1595818800
36,Rikitea,-23.1203,-134.9692,70.41,78,0,17.85,PF,1595818800
37,Mareeba,-17.0,145.4333,82.81,40,0,4.81,AU,1595818800
38,Cape Town,-33.9258,18.4232,51.66,75,10,8.39,ZA,1595818800
39,Longyearbyen,78.2186,15.6401,56.14,72,10,1.3,SJ,1595818800
40,Ende,-8.8432,121.6623,83.75,61,79,6.17,ID,1595818800
41,Hong Kong,22.2855,114.1577,87.48,79,23,13.53,HK,1595818800
42,Severo-Kuril'sk,50.6789,156.125,53.24,86,97,17.45,RU,1595818800
43,São Sebastião,-23.76,-45.4097,68.2,87,76,3.56,BR,1595818800
44,Sol'tsy,58.1239,30.3238,54.59,85,1,3.15,RU,1595818800
45,Jamestown,42.097,-79.2353,73.47,75,41,5.21,US,1595818800
46,Olafsvik,64.8945,-23.7142,47.32,73,41,9.08,IS,1595818800
47,Avarua,-21.2078,-159.775,71.35,87,76,19.8,CK,1595818800
48,Bariri,-22.0744,-48.7403,67.01,71,0,5.79,BR,1595818800
49,Tegul'det,57.3064,88.1667,63.91,78,30,4.21,RU,1595818800
50,Arrondissement de Provins,48.5833,3.1667,57.33,80,34,4.25,FR,1595818800
51,Brae,60.3964,-1.353,52.81,83,19,8.08,GB,1595818800
52,Mbandaka,0.0487,18.2603,69.58,91,96,3.4,CD,1595818800
53,Tasiilaq,65.6145,-37.6368,40.05,83,87,3.15,GL,1595818800
54,Tuatapere,-46.1333,167.6833,53.65,72,0,3.87,NZ,1595818800
55,Ahipara,-35.1667,173.1667,57.72,58,26,3.56,NZ,1595818800
56,Caravelas,-17.7125,-39.2481,70.25,86,17,4.97,BR,1595818800
57,Sept-Îles,50.2001,-66.3821,65.32,76,52,2.44,CA,1595818800
58,Okhotsk,59.3833,143.3,65.86,66,0,8.46,RU,1595818800
59,Chu,43.5983,73.7614,78.19,45,99,9.91,KZ,1595818800
60,Skjervøy,70.0311,20.9714,55.87,78,6,15.17,NO,1595818800
61,Saint Paul Harbor,57.79,-152.4072,58.8,75,42,5.99,US,1595818800
62,Aleksandrov Gay,50.147,48.5704,68.22,48,15,9.22,RU,1595818800
63,George Town,5.4112,100.3354,82.36,86,52,3.67,MY,1595818800
64,Zhigansk,66.7697,123.3711,54.73,61,33,11.52,RU,1595818800
65,Kathmandu,27.7167,85.3167,74.71,89,82,0.65,NP,1595818800
66,Rudnyy,52.9594,63.1206,62.13,83,51,7.18,KZ,1595818800
67,Hirara,24.8,125.2833,85.41,76,87,13.33,JP,1595818800
68,Vaini,-21.2,-175.2,73.96,75,44,21.9,TO,1595818800
69,Yongchang,30.0381,119.7317,87.57,79,100,1.32,CN,1595818800
70,Cockburn Town,21.4612,-71.1419,82.42,81,3,15.84,TC,1595818800
71,Gondal,21.9667,70.8,82.35,85,0,6.38,IN,1595818800
72,Ketchikan,55.3422,-131.6461,57.76,97,95,5.35,US,1595818800
73,Castro,-24.7911,-50.0119,55.17,94,99,3.74,BR,1595818800
74,Ust'-Barguzin,53.45,108.9833,55.18,95,100,5.55,RU,1595818800
75,Ballina,-28.8667,153.5667,63.72,57,1,19.08,AU,1595818800
76,Koslan,63.4564,48.8989,65.97,64,40,2.93,RU,1595818800
77,Mackay,-21.15,149.2,68.14,54,0,12.01,AU,1595818800
78,La Peca,-5.6111,-78.435,67.57,83,62,2.35,PE,1595818800
79,Mahébourg,-20.4081,57.7,69.42,75,77,13.44,MU,1595818800
80,The Pas,53.8251,-101.2541,67.24,65,15,6.42,CA,1595818800
81,Torbay,47.6666,-52.7314,56.86,95,95,15.01,CA,1595818800
82,Yerofey Pavlovich,53.9667,121.9667,68.47,93,100,6.91,RU,1595818800
83,Iquitos,-3.7481,-73.2472,75.87,90,69,1.3,PE,1595818800
84,Altay,47.8667,88.1167,78.26,36,33,5.32,CN,1595818800
85,Rodrigues Alves,-7.738,-72.6509,71.64,95,16,0.98,BR,1595818800
86,Eldorado,-23.7869,-54.2836,62.35,80,100,4.36,BR,1595818800
87,Nefteyugansk,61.0998,72.6035,59.88,73,86,11.25,RU,1595818800
88,Adrar,20.5022,-10.0711,92.43,30,4,8.05,MR,1595818800
89,Naze,28.3667,129.4833,84.0,80,87,14.05,JP,1595818800
90,Lorengau,-2.0226,147.2712,83.44,79,62,7.36,PG,1595818800
91,Bulolo,-7.2,146.65,84.85,56,54,3.6,PG,1595818800
92,Bredasdorp,-34.5322,20.0403,44.38,83,8,4.65,ZA,1595818800
93,Chokurdakh,70.6333,147.9167,43.74,72,99,12.64,RU,1595818800
94,Bathsheba,13.2167,-59.5167,82.17,80,54,16.89,BB,1595818800
95,Martapura,-3.4167,114.85,86.16,76,25,5.19,ID,1595818800
96,Jacareacanga,-6.2222,-57.7528,75.38,54,0,0.56,BR,1595818800
97,Beaverlodge,55.2166,-119.4361,74.8,50,10,6.89,CA,1595818800
98,Rongcheng,30.634,117.8517,82.09,87,100,4.45,CN,1595818800
99,Port Blair,11.6667,92.75,84.97,73,100,1.74,IN,1595818800
100,Kahului,20.8947,-156.47,81.25,71,95,6.4,US,1595818800
101,Turukhansk,65.8167,87.9833,58.73,64,35,17.25,RU,1595818800
102,Mil'kovo,54.7167,158.6167,75.16,53,32,3.24,RU,1595818800
103,Dunedin,-45.8742,170.5036,51.06,67,0,9.01,NZ,1595818800
104,Karratha,-20.7377,116.8463,74.91,26,47,16.93,AU,1595818800
105,Port Alfred,-33.5906,26.891,56.16,67,76,5.79,ZA,1595818800
106,Pagudpud,18.5616,120.7868,87.94,73,52,4.38,PH,1595818800
107,Odienné,9.51,-7.5692,69.66,96,100,4.54,CI,1595818800
108,Cherskiy,68.75,161.3,65.43,58,25,24.83,RU,1595818800
109,Khatanga,71.9667,102.5,48.11,66,100,10.56,RU,1595818800
110,Ostrovnoy,68.0531,39.5131,61.52,78,93,2.55,RU,1595818800
111,Athens,37.9795,23.7162,77.58,57,0,5.64,GR,1595818800
112,St. George's,12.0564,-61.7485,82.06,80,53,9.57,GD,1595818800
113,Itārsi,22.6167,77.75,85.33,73,2,5.57,IN,1595818800
114,Hobyo,5.3505,48.5268,77.31,76,13,16.02,SO,1595818800
115,Broome,42.2506,-75.833,73.45,73,33,2.86,US,1595818800
116,Barrow,71.2906,-156.7887,45.86,94,95,17.2,US,1595818800
117,Butaritari,3.0707,172.7902,83.64,75,25,9.91,KI,1595818800
118,Chui,-33.6971,-53.4616,46.58,89,63,6.2,UY,1595818800
119,Quatre Cocos,-20.2078,57.7625,69.46,76,83,13.51,MU,1595818800
120,Ponta do Sol,32.6667,-17.1,68.07,70,10,5.57,PT,1595818800
121,Were Īlu,10.6,39.4333,51.48,97,100,2.62,ET,1595818800
122,Otane,-39.8833,176.6333,53.73,71,0,5.17,NZ,1595818800
123,Mayo,38.8876,-76.5119,83.64,56,1,5.14,US,1595818800
124,Walvis Bay,-22.9575,14.5053,64.72,33,0,2.46,NA,1595818800
125,Tura,25.5198,90.2201,83.46,87,98,3.36,IN,1595818800
126,Waingapu,-9.6567,120.2641,82.18,65,91,17.02,ID,1595818800
127,Ponta Delgada,37.7333,-25.6667,70.57,87,50,6.35,PT,1595818800
128,Cap Malheureux,-19.9842,57.6142,70.66,73,95,18.59,MU,1595818800
129,Saskylakh,71.9167,114.0833,40.1,93,100,15.86,RU,1595818800
130,Half Moon Bay,37.4636,-122.4286,66.42,64,7,3.36,US,1595818800
131,Ivanteyevka,55.9711,37.9208,61.21,81,81,4.94,RU,1595818800
132,Qaanaaq,77.484,-69.3632,42.26,65,0,0.89,GL,1595818800
133,Upernavik,72.7868,-56.1549,44.28,84,63,3.94,GL,1595818800
134,Laas,46.6166,10.7002,56.19,76,13,1.48,IT,1595818800
135,Aswān,24.0934,32.907,87.67,14,0,7.99,EG,1595818800
136,Chai Badan,15.2,101.1333,87.55,76,96,6.87,TH,1595818800
137,Gumdag,39.2061,54.5906,94.32,22,0,9.4,TM,1595818800
138,Boueni,-12.9025,45.0761,74.98,74,99,13.76,YT,1595818800
139,East London,-33.0153,27.9116,59.34,65,92,9.46,ZA,1595818800
140,Maniitsoq,65.4167,-52.9,46.74,89,85,2.89,GL,1595818800
141,Trat,12.5,102.5,86.81,76,63,4.07,TH,1595818800
142,Airai,-8.9266,125.4092,71.33,60,75,5.84,TL,1595818800
143,Ghanzi,-21.5667,21.7833,45.23,56,0,6.53,BW,1595818800
144,Hofn,64.2539,-15.2082,47.68,66,100,12.01,IS,1595818800
145,Saint-Pierre,-21.3393,55.4781,68.2,67,49,6.13,RE,1595818800
146,Yellowknife,62.456,-114.3525,68.83,45,57,7.83,CA,1595818800
147,Nanortalik,60.1432,-45.2371,43.84,86,19,3.15,GL,1595818800
148,Leh,34.1667,77.5833,63.52,43,7,6.91,IN,1595818800
149,Richards Bay,-28.783,32.0377,64.38,77,71,11.86,ZA,1595818800
150,Cidreira,-30.1811,-50.2056,57.25,88,79,8.99,BR,1595818800
151,Greytown,-29.0642,30.5928,45.46,92,46,2.57,ZA,1595818800
152,Wanaka,-44.7,169.15,46.02,65,0,1.68,NZ,1595818800
153,Mogadishu,2.0371,45.3438,76.93,85,35,18.39,SO,1595818800
154,Along,28.1667,94.7667,85.08,77,71,0.94,IN,1595818800
155,Ust-Tsilma,65.441,52.1498,67.41,59,71,3.44,RU,1595818800
156,Sørland,67.667,12.6934,58.73,74,87,20.69,NO,1595818800
157,Gimli,50.6336,-96.9907,66.42,72,50,12.3,CA,1595818800
158,Doong,11.0786,123.6395,85.03,70,68,6.87,PH,1595818800
159,Norman Wells,65.282,-126.8329,73.27,41,82,8.79,CA,1595818800
160,Gravdal,68.1214,13.5031,58.17,74,67,12.24,NO,1595818800
161,Mahon,39.8885,4.2658,77.34,74,0,4.09,ES,1595818800
162,Havelock,34.8791,-76.9013,81.57,80,5,8.86,US,1595818800
163,Shubarshi,48.5872,57.1869,70.5,52,4,6.93,KZ,1595818800
164,New Norfolk,-42.7826,147.0587,54.97,69,100,3.04,AU,1595818800
165,Fare,-16.7,-151.0167,79.92,78,69,15.41,PF,1595818800
166,Naliya,23.2667,68.8333,84.87,76,12,5.55,IN,1595818800
167,Carnarvon,-24.8667,113.6333,72.34,62,0,4.92,AU,1595818800
168,Harper,4.375,-7.7169,75.24,81,91,9.35,LR,1595818800
169,Puerto Ayora,-0.7393,-90.3518,68.49,86,64,9.42,EC,1595818800
170,Vao,-22.6667,167.4833,71.38,81,13,16.44,NC,1595818800
171,Wilkie,52.4168,-108.7014,66.96,69,28,7.07,CA,1595818800
172,São Filipe,14.8961,-24.4956,75.67,84,75,11.79,CV,1595818800
173,Salalah,17.0151,54.0924,78.46,88,87,0.78,OM,1595818800
174,Avera,33.194,-82.5271,82.87,64,26,5.46,US,1595818800
175,Provideniya,64.3833,-173.3,60.37,74,82,9.84,RU,1595818800
176,Tuktoyaktuk,69.4541,-133.0374,62.51,64,80,11.39,CA,1595818800
177,Vanavara,60.34,102.2797,65.57,71,97,5.39,RU,1595818800
178,Hatillo,18.4863,-66.8254,79.88,92,41,13.58,PR,1595818800
179,Flinders,-34.5833,150.8552,58.24,87,100,27.27,AU,1595818800
180,Kamenka,51.3223,42.7678,58.51,68,5,7.7,RU,1595818800
181,Ribeira Grande,38.5167,-28.7,73.17,90,25,4.47,PT,1595818800
182,Luanda,-8.8368,13.2343,70.43,88,69,5.66,AO,1595818800
183,Ulaangom,49.9811,92.0667,73.8,42,5,4.0,MN,1595818800
184,Arraial do Cabo,-22.9661,-42.0278,71.17,90,48,14.52,BR,1595818800
185,Bengkulu,-3.8004,102.2655,83.44,73,38,5.77,ID,1595818800
186,Porterville,36.0652,-119.0168,93.51,22,0,10.09,US,1595818800
187,Itarema,-2.9248,-39.9167,76.68,81,81,12.82,BR,1595818800
188,Harar,9.3094,42.1258,57.96,90,87,7.58,ET,1595818800
189,Paamiut,61.994,-49.6678,45.57,90,35,2.57,GL,1595818800
190,Semey,50.4111,80.2275,74.79,65,58,3.56,KZ,1595818800
191,Bethel,41.3712,-73.414,77.04,61,49,4.12,US,1595818800
192,Vostok,46.4856,135.8833,80.62,53,21,4.09,RU,1595818800
193,Mar del Plata,-38.0023,-57.5575,50.5,70,100,13.09,AR,1595818800
194,Uzhur,55.3036,89.8339,62.24,87,87,13.09,RU,1595818800
195,Dutlwe,-23.9833,23.9,43.77,59,0,5.53,BW,1595818800
196,Fairbanks,64.8378,-147.7164,64.33,58,52,5.99,US,1595818800
197,Khovd,48.0056,91.6419,72.75,34,15,1.81,MN,1595818800
198,Evensk,61.95,159.2333,55.36,82,68,11.72,RU,1595818800
199,Khor,47.8861,134.9464,80.08,77,62,1.21,RU,1595818800
200,Kargat,55.1956,80.2811,62.42,81,57,3.76,RU,1595818800
201,Faya,18.3851,42.4509,65.64,70,58,9.33,SA,1595818800
202,Wadena,46.4425,-95.1361,69.04,68,1,6.42,US,1595818800
203,Kushima,31.4583,131.2333,84.6,85,87,10.02,JP,1595818800
204,Pyu,18.4833,96.4333,85.1,83,99,6.42,MM,1595818800
205,Pochutla,15.7432,-96.4661,81.68,77,59,3.8,MX,1595818800
206,Frontera,26.9333,-101.45,71.82,92,95,13.44,MX,1595818800
207,Esim,4.8699,-2.2405,74.19,86,54,9.93,GH,1595818800
208,Souillac,-20.5167,57.5167,68.86,76,67,11.27,MU,1595818800
209,Kuusamo,65.9667,29.1833,54.0,91,8,2.82,FI,1595818800
210,Saint-Philippe,-21.3585,55.7679,67.62,71,52,11.9,RE,1595818800
211,Burns Lake,54.2331,-125.7533,77.7,36,0,7.49,CA,1595818800
212,Port Lincoln,-34.7333,135.8667,56.61,74,67,11.18,AU,1595818800
213,Lexington,37.9887,-84.4777,78.42,77,1,6.38,US,1595818800
214,Lochgilphead,56.038,-5.4321,50.41,88,84,4.61,GB,1595818800
215,Narsaq,60.9167,-46.05,46.76,82,49,0.96,GL,1595818800
216,Sisimiut,66.9395,-53.6735,45.66,90,100,7.92,GL,1595818800
217,Ancud,-41.8697,-73.8203,41.18,79,22,5.08,CL,1595818800
218,Santa Maria,-29.6842,-53.8069,48.99,88,5,4.5,BR,1595818800
219,Port Elizabeth,-33.918,25.5701,56.05,59,86,2.33,ZA,1595818800
220,Teguise,29.0605,-13.564,70.16,84,66,21.97,ES,1595818800
221,Quibdó,5.6947,-76.6611,74.57,95,93,2.19,CO,1595818800
222,Coyhaique,-45.5752,-72.0662,28.94,79,34,5.26,CL,1595818800
223,Guatire,10.4762,-66.5427,72.05,89,100,0.54,VE,1595818800
224,Mana,5.6592,-53.7767,78.71,86,6,8.05,GF,1595818800
225,Dosso,13.049,3.1937,81.46,72,9,9.73,NE,1595818800
226,Englewood,39.6478,-104.9878,72.41,57,64,6.49,US,1595818800
227,Minbu,20.1833,94.8833,90.3,70,99,7.9,MM,1595818800
228,Bereda,43.2686,-7.5406,58.59,93,1,1.66,ES,1595818800
229,Clovis,36.8252,-119.7029,98.6,18,11,5.59,US,1595818800
230,Bereket,39.2446,55.5154,94.71,23,0,6.98,TM,1595818800
231,Virginia Beach,36.8529,-75.978,81.54,79,38,12.48,US,1595818800
232,Madruga,22.9114,-81.8561,80.15,77,84,3.65,CU,1595818800
233,Valparaíso,-33.0393,-71.6273,56.12,68,100,12.24,CL,1595818800
234,Challans,46.8436,-1.8749,56.82,93,0,7.14,FR,1595818800
235,Wajir,1.7471,40.0573,71.42,75,1,13.31,KE,1595818800
236,Bambous Virieux,-20.3428,57.7575,69.58,75,81,13.58,MU,1595818800
237,Alta Floresta,-9.8756,-56.0861,73.8,45,0,3.96,BR,1595818800
238,São João da Barra,-21.6403,-41.0511,72.5,85,56,11.97,BR,1595818800
239,Brumunddal,60.881,10.9395,55.8,93,99,6.15,NO,1595818800
240,Kendari,-3.945,122.4989,81.77,79,73,5.99,ID,1595818800
241,Padang,-0.9492,100.3543,85.24,81,58,1.99,ID,1595818800
242,Labuhan,-6.8844,112.2051,81.75,73,67,7.2,ID,1595818800
243,Enid,36.3956,-97.8784,88.7,52,40,9.73,US,1595818800
244,Yangi Marg`ilon,40.4272,71.7189,84.31,46,59,1.59,UZ,1595818800
245,Mponela,-13.5319,33.7401,52.32,77,35,7.38,MW,1595818800
246,Prince Rupert,54.3161,-130.3201,63.21,88,95,5.39,CA,1595818800
247,Nikol'sk,53.7189,46.0712,57.4,84,0,4.52,RU,1595818800
248,Shimoda,34.6667,138.95,83.17,75,87,10.63,JP,1595818800
249,Linxia Chengguanzhen,35.6003,103.2064,76.1,46,39,1.86,CN,1595818800
250,Afyonkarahisar,38.75,30.6667,64.35,70,0,4.52,TR,1595818800
251,Makariv,50.4641,29.8113,65.48,94,99,4.88,UA,1595818800
252,Port-Gentil,-0.7193,8.7815,74.8,89,85,12.24,GA,1595818800
253,Vung Tau,10.346,107.0843,85.26,71,37,2.19,VN,1595818800
254,Sinjai,-5.1241,120.253,81.9,77,81,7.92,ID,1595818800
255,Lüderitz,-26.6481,15.1594,62.71,56,0,11.3,NA,1595818800
256,Kavieng,-2.5744,150.7967,84.11,73,100,8.61,PG,1595818800
257,Lambaréné,-0.7001,10.2406,71.22,88,73,3.85,GA,1595818800
258,Henties Bay,-22.116,14.2845,64.63,64,0,5.48,NA,1595818800
259,Saint-François,46.4154,3.9054,59.63,82,7,2.55,FR,1595818800
260,Normandin,48.8333,-72.5321,70.61,93,38,3.04,CA,1595818800
261,Truro,50.2653,-5.0544,60.62,92,100,18.92,GB,1595818800
262,Lethem,3.3803,-59.7968,76.53,84,49,2.33,GY,1595818800
263,Vestmannaeyjar,63.4427,-20.2734,51.37,88,100,5.75,IS,1595818800
264,Markova,48.6758,24.4138,58.55,88,55,3.76,UA,1595818800
265,Mossamedes,-15.1961,12.1522,66.54,73,2,5.3,AO,1595818800
266,Rawson,-43.3002,-65.1023,41.72,81,100,9.48,AR,1595818800
267,Rawlins,41.7911,-107.2387,77.86,28,46,12.08,US,1595818800
268,Nago,26.5881,127.9761,86.45,77,46,12.35,JP,1595818800
269,Lafia,8.4833,8.5167,73.78,92,88,3.67,NG,1595818800
270,Constitución,-35.3333,-72.4167,50.72,85,100,7.27,CL,1595818800
271,Oktyabr'skiy,54.4815,53.471,58.42,91,57,6.62,RU,1595818800
272,Katsuura,35.1333,140.3,82.35,82,83,18.75,JP,1595818800
273,Jutaí,-5.1833,-68.9,73.36,95,60,1.7,BR,1595818800
274,Bida,9.0833,6.0167,73.45,94,67,4.27,NG,1595818800
275,Iisalmi,63.5592,27.1907,54.63,93,18,2.3,FI,1595818800
276,Arrondissement de Bastia,42.6667,9.3333,72.97,71,0,4.63,FR,1595818800
277,Lere,10.387,8.5726,69.85,94,99,3.76,NG,1595818800
278,Biskamzha,53.4497,89.5272,58.28,83,88,3.85,RU,1595818800
279,Tiksi,71.6872,128.8694,38.55,91,99,10.02,RU,1595818800
280,Rexburg,43.826,-111.7897,79.45,29,1,7.56,US,1595818800
281,Stornoway,58.2093,-6.3865,52.39,85,100,22.53,GB,1595818800
282,Manzhouli,49.6,117.4333,83.3,56,7,16.8,CN,1595818800
283,Sungai Penuh,-2.0833,101.3833,78.28,71,49,2.28,ID,1595818800
284,Kabalo,-6.05,26.9167,63.14,45,56,3.47,CD,1595818800
285,Isangel,-19.55,169.2667,78.87,70,18,16.11,VU,1595818800
286,Magistral'nyy,56.1725,107.4458,72.93,49,100,3.98,RU,1595818800
287,Hasaki,35.7333,140.8333,83.28,74,87,20.24,JP,1595818800
288,Vágur,61.4732,-6.8119,51.22,90,94,6.58,FO,1595818800
289,Serebryansk,49.6925,83.2892,65.19,78,87,5.55,KZ,1595818800
290,Manta,-0.95,-80.7333,71.74,86,56,9.06,EC,1595818800
291,Hermosillo,29.0667,-110.9667,102.11,24,23,13.24,MX,1595818800
292,San Quintín,30.4833,-115.95,70.52,76,2,12.95,MX,1595818800
293,Jiaojiang,28.6803,121.4428,85.53,89,99,9.37,CN,1595818800
294,Nísia Floresta,-6.0911,-35.2086,71.74,89,69,8.21,BR,1595818800
295,Mount Isa,-20.7333,139.5,72.86,27,0,17.56,AU,1595818800
296,Shelburne,44.0787,-80.2041,78.94,71,28,16.08,CA,1595818800
297,Camacha,33.0833,-16.3333,68.36,80,69,15.64,PT,1595818800
298,Broken Hill,-31.95,141.4333,58.57,73,70,18.34,AU,1595818800
299,Pskov,57.8136,28.3496,53.44,88,20,4.21,RU,1595818800
300,Pouébo,-20.4,164.5667,76.42,66,29,11.03,NC,1595818800
301,Nemuro,43.3236,145.575,59.02,86,87,9.22,JP,1595818800
302,Sagua la Grande,22.8067,-80.0756,82.06,86,21,9.51,CU,1595818800
303,Iqaluit,63.7506,-68.5145,46.85,90,42,4.23,CA,1595818800
304,Toshkivka,48.7791,38.579,65.7,55,35,8.25,UA,1595818800
305,Tsabong,-26.0217,22.401,47.95,51,0,6.4,BW,1595818800
306,Sinnamary,5.3833,-52.95,78.82,86,31,7.74,GF,1595818800
307,Kholtoson,50.2981,103.3097,71.44,62,51,5.41,RU,1595818800
308,Khani,41.9563,42.9566,72.36,86,73,4.09,GE,1595818800
309,Dubuque,42.4833,-90.8668,77.97,90,87,6.91,US,1595818800
310,Ust-Kuyga,70.0167,135.6,48.92,80,99,7.85,RU,1595818800
311,Snezhnogorsk,69.1933,33.2531,60.6,84,48,3.18,RU,1595818800
312,Emilio Carranza,19.9711,-96.6114,86.63,70,98,14.97,MX,1595818800
313,Tambacounda,13.7539,-13.7586,80.74,86,76,7.49,SN,1595818800
314,Pisco,-13.7,-76.2167,59.63,82,38,2.77,PE,1595818800
315,Dabola,10.75,-11.1167,69.71,92,99,3.22,GN,1595818800
316,Sorong,-0.8833,131.25,81.79,85,73,9.78,ID,1595818800
317,Beringovskiy,63.05,179.3167,71.62,57,72,9.89,RU,1595818800
318,Envira,-7.3,-70.2167,72.91,90,41,2.64,BR,1595818800
319,Kumul,42.8,93.45,90.7,17,1,17.31,CN,1595818800
320,Abu Samrah,35.3029,37.1841,75.97,39,28,1.81,SY,1595818800
321,Humaitá,-7.5061,-63.0208,76.95,54,29,1.01,BR,1595818800
322,Dawson Creek,55.7666,-120.2362,74.34,53,1,7.67,CA,1595818800
323,Calama,-22.4667,-68.9333,52.21,21,0,6.67,CL,1595818800
324,Belyy Yar,53.6039,91.3903,66.34,74,65,8.88,RU,1595818800
325,Birnin Kebbi,12.4539,4.1975,80.06,77,38,10.47,NG,1595818800
326,Kwinana,-32.25,115.7667,65.61,73,21,20.09,AU,1595818800
327,Sitka,57.0531,-135.33,56.86,86,72,6.8,US,1595818800
328,Husavik,66.0449,-17.3389,42.8,77,81,5.77,IS,1595818800
329,Mayumba,-3.432,10.6554,71.83,85,95,4.23,GA,1595818800
330,Madimba,-10.4,40.3333,70.36,84,97,10.38,TZ,1595818800
331,Westerland,54.9079,8.3033,63.41,78,21,19.62,DE,1595818800
332,Māgadi,12.9667,77.2333,71.11,92,69,10.36,IN,1595818800
333,Carhuamayo,-10.9167,-76.0333,35.35,92,45,2.01,PE,1595818800
334,Opunake,-39.4556,173.8583,55.17,73,4,0.85,NZ,1595818800
335,La Santisima Trinidad,-14.8333,-64.9,68.5,58,44,1.88,BO,1595818800
336,Kincardine,56.0667,-3.7167,51.39,86,79,4.61,GB,1595818800
337,Boa Vista,2.8197,-60.6733,78.26,82,49,1.34,BR,1595818800
338,Khagaria,25.5,86.4833,92.77,61,88,4.14,IN,1595818800
339,College,64.8569,-147.8028,64.58,62,49,6.15,US,1595818800
340,Murwāra,23.85,80.4,87.4,69,35,8.79,IN,1595818800
341,Balclutha,-46.2339,169.75,51.53,63,0,1.43,NZ,1595818800
342,Faanui,-16.4833,-151.75,79.2,79,54,15.01,PF,1595818800
343,Pangnirtung,66.1451,-65.7125,52.48,68,100,2.35,CA,1595818800
344,Santa Isabel Rio Negro,-0.4139,-65.0192,75.49,84,34,1.52,BR,1595818800
345,Gao,16.6362,1.637,88.61,45,54,6.89,ML,1595818800
346,Lompoc,34.6391,-120.4579,64.62,71,4,7.47,US,1595818800
347,Miraflores,19.2167,-98.8083,62.49,65,95,4.14,MX,1595818800
348,Izumo,35.3667,132.7667,82.18,78,87,7.47,JP,1595818800
349,Kongolo,-5.3833,27.0,65.21,43,35,2.26,CD,1595818800
350,Nadadores,27.05,-101.6,72.21,91,95,15.97,MX,1595818800
351,Jasper,37.2001,-94.3502,84.13,64,20,7.31,US,1595818800
352,San Patricio,19.2167,-104.7,84.07,78,87,0.29,MX,1595818800
353,Ternate,0.8,127.4,79.75,79,100,3.71,ID,1595818800
354,Dicabisagan,17.0818,122.4157,88.72,64,74,5.12,PH,1595818800
355,San Borja,-14.8167,-66.85,66.58,70,0,1.3,BO,1595818800
356,Amapá,1.0,-52.0,71.94,94,27,2.01,BR,1595818800
357,Vila Franca do Campo,37.7167,-25.4333,69.67,87,52,5.95,PT,1595818800
358,Nova Era,-19.75,-43.0375,59.07,94,2,0.63,BR,1595818800
359,Ipixuna,-1.7625,-48.8043,79.45,73,9,3.47,BR,1595818800
360,Cascais,38.6979,-9.4215,67.08,73,0,19.37,PT,1595818800
361,Rome,43.2128,-75.4557,76.6,73,30,6.22,US,1595818800
362,Marsh Harbour,26.5412,-77.0636,82.83,80,40,11.68,BS,1595818800
363,Seoul,37.5683,126.9778,77.32,78,87,0.89,KR,1595818800
364,Celestún,20.8667,-90.4,87.89,62,93,15.39,MX,1595818800
365,Nuevo Progreso,23.1667,-97.95,83.77,76,100,13.15,MX,1595818800
366,Vieques,18.425,-65.8329,80.65,79,57,11.34,PR,1595818800
367,Johi,26.6921,67.6133,95.04,48,39,7.07,PK,1595818800
368,Humlebæk,55.9618,12.5341,55.6,93,16,9.48,DK,1595818800
369,Victor Harbor,-35.5667,138.6167,56.01,71,43,13.44,AU,1595818800
370,Egvekinot,66.3167,-179.1667,69.28,64,40,7.31,RU,1595818800
371,Anandnagar,27.1,83.2833,89.89,67,60,2.13,IN,1595818800
372,Sembakung,3.8167,117.25,82.63,88,99,1.14,ID,1595818800
373,Grants,35.1473,-107.8514,67.35,71,69,5.03,US,1595818800
374,Monrovia,6.3005,-10.7969,75.83,79,92,8.93,LR,1595818800
375,Suntar,62.1444,117.6319,70.2,61,69,5.01,RU,1595818800
376,San Cristobal,7.7669,-72.225,74.01,76,37,2.82,VE,1595818800
377,Darhan,49.4867,105.9228,70.75,72,43,7.65,MN,1595818800
378,Juneau,58.3019,-134.4197,59.23,77,86,2.33,US,1595818800
379,Dalvik,65.9702,-18.5286,42.62,76,54,2.37,IS,1595818800
380,Fort Nelson,58.8053,-122.7002,77.16,46,30,3.09,CA,1595818800
381,Bilma,18.6853,12.9164,90.46,18,12,9.33,NE,1595818800
382,West Bay,19.3667,-81.4167,84.92,76,10,12.97,KY,1595818800
383,Antalaha,-14.9003,50.2788,68.16,88,100,10.04,MG,1595818800
384,Hanyang,32.1371,105.5126,78.94,85,91,3.22,CN,1595818800
385,Itoman,26.1247,127.6694,85.5,76,87,13.35,JP,1595818800
386,Ukiah,39.1502,-123.2078,86.31,31,1,3.38,US,1595818800
387,Namsos,64.4662,11.4957,63.68,72,100,12.53,NO,1595818800
388,Kungurtug,50.5994,97.5228,71.38,46,17,2.28,RU,1595818800
389,Toyooka,35.5333,134.8333,87.08,73,87,9.62,JP,1595818800
390,Kokopo,-4.352,152.2633,85.86,64,97,7.65,PG,1595818800
391,Kruisfontein,-34.0033,24.7314,51.73,71,86,2.24,ZA,1595818800
392,Georgiyevka,43.0369,74.7114,71.56,67,87,10.58,KZ,1595818800
393,Praia,14.9215,-23.5087,77.77,77,31,8.93,CV,1595818800
394,San Rafael,-34.6177,-68.3301,48.69,50,88,1.86,AR,1595818800
395,Tornio,65.8481,24.1466,56.46,91,3,7.45,FI,1595818800
396,Arrondissement de Villeneuve-sur-Lot,44.5,0.6667,65.48,82,0,5.7,FR,1595818800
397,Saint Anthony,45.0205,-93.218,77.95,55,10,11.56,US,1595818800
398,Berlevåg,70.8578,29.0864,60.04,71,1,9.35,NO,1595818800
399,Aitape,-3.1374,142.3475,84.87,70,90,7.11,PG,1595818800
400,Khandyga,62.6667,135.6,74.73,47,65,4.32,RU,1595818800
401,Khabary,53.6259,79.5345,66.72,77,42,2.73,RU,1595818800
402,Praia da Vitória,38.7333,-27.0667,74.28,86,52,4.18,PT,1595818800
403,Butembo,0.15,29.2833,57.85,97,42,2.15,CD,1595818800
404,Tual,-5.6667,132.75,79.23,82,73,23.82,ID,1595818800
405,Deder,9.3167,41.45,55.72,93,88,5.59,ET,1595818800
406,Mount Gambier,-37.8333,140.7667,55.02,69,65,13.0,AU,1595818800
407,Rodolfo Sánchez Taboada,31.7167,-116.5667,70.48,65,21,5.61,MX,1595818800
408,Gardiner,44.2301,-69.7753,78.87,70,5,5.26,US,1595818800
409,Fareydūnshahr,32.941,50.121,66.83,38,19,1.99,IR,1595818800
410,Nome,64.5011,-165.4064,57.49,74,49,11.99,US,1595818800
411,Alice Springs,-23.7,133.8833,64.9,48,0,15.66,AU,1595818800
412,Sfântu Gheorghe,45.8667,25.7833,56.43,84,19,0.07,RO,1595818800
413,Cayenne,4.9333,-52.3333,78.51,92,52,8.86,GF,1595818800
414,Santa Luzia,-19.7697,-43.8514,64.31,79,1,3.65,BR,1595818800
415,Tucumã,-0.1833,-50.05,77.04,88,28,4.83,BR,1595818800
416,Eilat,29.5581,34.9482,85.3,43,35,6.69,IL,1595818800
417,Talnakh,69.4865,88.3972,58.57,65,54,2.1,RU,1595818800
418,Korla,41.7597,86.1469,89.02,45,6,7.16,CN,1595818800
419,Krishnarājpet,12.655,76.4883,72.63,85,95,9.28,IN,1595818800
420,Yulara,-25.2406,130.9889,65.46,47,0,13.38,AU,1595818800
421,Mollendo,-17.0231,-72.0147,58.91,78,63,6.82,PE,1595818800
422,Sirsi,14.6167,74.85,74.08,92,55,5.26,IN,1595818800
423,La Reforma,25.0833,-108.05,86.86,76,92,4.41,MX,1595818800
424,Dzhebariki-Khaya,62.2167,135.8,76.62,56,87,2.93,RU,1595818800
425,Colares,38.7992,-9.4469,66.56,74,0,19.89,PT,1595818800
426,Clyde River,70.4692,-68.5914,44.04,80,41,1.7,CA,1595818800
427,Abnūb,27.2696,31.1511,79.63,40,0,9.71,EG,1595818800
428,Namatanai,-3.6667,152.4333,84.42,71,100,7.49,PG,1595818800
429,Inndyr,67.0338,14.0276,61.48,63,60,13.69,NO,1595818800
430,Narsīpatnam,17.6667,82.6167,88.23,76,69,2.66,IN,1595818800
431,Havre-St-Pierre,50.2334,-63.5986,64.27,73,37,1.05,CA,1595818800
432,Lebanon,36.2081,-86.2911,79.32,79,27,1.25,US,1595818800
433,Tanout,14.9709,8.8879,84.61,53,90,21.94,NE,1595818800
434,Mt. Pleasant,32.7941,-79.8626,82.06,77,28,4.79,US,1595818800
435,Kralovice,49.9819,13.4875,57.52,51,67,2.91,CZ,1595818800
436,Kysyl-Syr,63.8986,122.7617,69.31,54,35,5.66,RU,1595818800
437,Ilulissat,69.2167,-51.1,42.78,95,100,6.96,GL,1595818800
438,Porto-Novo,6.4965,2.6036,75.2,84,33,8.75,BJ,1595818800
439,Ilām,26.9167,87.9167,75.34,87,94,3.29,NP,1595818800
440,Honningsvåg,70.9821,25.9704,57.97,76,45,12.55,NO,1595818800
441,Te Anau,-45.4167,167.7167,49.14,71,8,1.05,NZ,1595818800
442,Artyom,40.4723,50.333,79.88,79,1,13.44,AZ,1595818800
443,Pāsighāt,28.0667,95.3333,88.59,69,48,2.42,IN,1595818800
444,Bose,45.4612,8.0137,66.42,74,7,3.36,IT,1595818800
445,Ondjiva,-17.0667,15.7333,52.3,45,0,4.41,AO,1595818800
446,Charyshskoye,51.3978,83.5598,67.06,74,15,1.14,RU,1595818800
447,Gizo Government Station,-8.103,156.8419,83.34,76,48,7.65,SB,1595818800
448,Zyryanka,65.75,150.85,76.77,56,98,7.18,RU,1595818800
449,Lac du Bonnet,50.2536,-96.0612,65.89,73,21,7.7,CA,1595818800
450,Shaygino,57.7675,46.8618,57.67,96,9,3.53,RU,1595818800
451,Wanning,18.8003,110.3967,90.09,69,28,13.49,CN,1595818800
452,Aklavik,68.2191,-135.0107,70.57,49,87,5.7,CA,1595818800
453,Lakes Entrance,-37.8811,147.981,53.28,95,100,10.02,AU,1595818800
454,Bonthe,7.5264,-12.505,75.92,79,100,9.26,SL,1595818800
455,Nuuk,64.1835,-51.7216,49.96,78,83,4.25,GL,1595818800
456,Bilibino,68.0546,166.4372,80.28,29,49,23.98,RU,1595818800
457,St. Pete Beach,27.7253,-82.7412,85.19,74,1,9.19,US,1595818800
458,Panama City,8.9936,-79.5197,76.57,92,68,3.76,PA,1595818800
459,Lobito,-12.3481,13.5456,68.18,82,23,1.41,AO,1595818800
460,Aykhal,66.0,111.5,44.06,79,94,12.12,RU,1595818800
461,Bosansko Grahovo,44.1794,16.3639,58.17,72,21,4.27,BA,1595818800
462,Springfield,37.2153,-93.2982,80.96,71,21,5.86,US,1595818800
463,Gorontalo,0.5412,123.0595,84.06,74,87,8.46,ID,1595818800
464,Jalu,29.0331,21.5482,77.0,53,0,6.85,LY,1595818800
465,Bartica,6.4,-58.6167,78.51,88,11,2.01,GY,1595818800
466,Makokou,0.5738,12.8642,68.43,96,91,2.06,GA,1595818800
467,Kalemie,-5.9475,29.1947,65.86,58,42,2.75,CD,1595818800
468,Vanimo,-2.6741,141.3028,84.67,67,95,6.82,PG,1595818800
469,Saint-Joseph,-21.3667,55.6167,66.99,70,48,10.18,RE,1595818800
470,Veracruz,19.3333,-96.6667,81.21,86,85,0.94,MX,1595818800
471,Auki,-8.7676,160.7034,86.29,68,38,3.85,SB,1595818800
472,Huangmei,30.1924,116.025,78.64,92,100,1.86,CN,1595818800
473,Vic,41.9301,2.2549,66.13,85,0,1.07,ES,1595818800
474,Middleton,53.55,-2.2,57.83,86,98,9.89,GB,1595818800
475,Cabo San Lucas,22.8909,-109.9124,83.55,64,17,10.65,MX,1595818800
476,Esmeraldas,-19.7625,-44.3139,64.9,77,20,6.87,BR,1595818800
477,Kuril'sk,45.2333,147.8833,59.52,70,22,6.53,RU,1595818800
478,Santa Rosa,14.3122,121.1114,88.72,72,65,2.95,PH,1595818800
479,Thohoyandou,-22.9456,30.485,49.41,54,0,3.67,ZA,1595818800
480,Banda Aceh,5.5577,95.3222,84.22,71,99,3.71,ID,1595818800
481,Aksu,41.1231,80.2644,84.83,33,90,2.86,CN,1595818800
482,Mahon,39.8885,4.2658,77.34,74,0,4.09,ES,1595818800
483,Opuwo,-18.0607,13.84,51.62,50,0,4.94,NA,1595818800
484,Winslow,35.0242,-110.6974,87.53,30,28,9.46,US,1595818800
485,Paragominas,-2.9667,-47.4833,73.18,70,6,3.02,BR,1595818800
486,Indiaroba,-11.5192,-37.5117,71.02,92,30,4.27,BR,1595818800
487,Kilemary,56.7783,46.8659,58.32,93,1,5.19,RU,1595818800
488,Necochea,-38.5473,-58.7368,49.26,71,98,15.39,AR,1595818800
489,Powell River,49.8496,-124.5361,77.47,50,3,1.63,CA,1595818800
490,Ust'-Kut,56.7938,105.7672,74.7,50,99,2.1,RU,1595818800
491,Linguère,15.3953,-15.1193,79.97,68,21,8.43,SN,1595818800
492,Grand Gaube,-20.0064,57.6608,70.48,73,96,18.37,MU,1595818800
493,Tunggol,5.8446,121.1544,84.15,73,86,3.62,PH,1595818800
494,La Ronge,55.1001,-105.2842,66.83,64,71,6.85,CA,1595818800
495,Vila Velha,-20.3297,-40.2925,71.62,86,34,3.67,BR,1595818800
496,Prieska,-29.6641,22.7474,46.38,56,7,7.14,ZA,1595818800
497,San Andrés,12.5847,-81.7006,83.79,79,40,20.83,CO,1595818800
498,Río Gallegos,-51.6226,-69.2181,31.39,95,16,19.08,AR,1595818800
499,Tubualá,9.5167,-79.0333,79.93,84,69,3.58,PA,1595818800
500,Kangaatsiaq,68.3065,-53.4641,44.38,95,100,20.87,GL,1595818800
501,Acapulco de Juárez,16.8634,-99.8901,84.51,69,87,1.3,MX,1595818800
502,Saldanha,-33.0117,17.9442,51.96,79,0,11.83,ZA,1595818800
503,Palana,59.1167,159.9667,55.96,71,0,11.12,RU,1595818800
504,Viedma,-40.8135,-62.9967,43.65,89,87,6.44,AR,1595818800
505,Yarmouth,41.7057,-70.2286,79.59,69,40,13.53,US,1595818800
506,Nishihara,26.1842,127.7558,85.17,75,87,12.01,JP,1595818800
507,Chernyshevskiy,63.0128,112.4714,62.65,56,0,4.9,RU,1595818800
508,Kholodnyy,62.7167,147.95,77.83,35,31,14.14,RU,1595818800
509,Luancheng,37.8792,114.6517,80.38,75,88,4.27,CN,1595818800
510,Malé,4.1748,73.5089,82.33,72,73,4.88,MV,1595818800
511,Darnah,32.767,22.6367,75.88,85,0,15.59,LY,1595818800
512,Ondangwa,-17.9167,15.95,56.26,43,0,12.03,NA,1595818800
513,Kutum,14.2,24.6667,76.44,46,96,5.5,SD,1595818800
514,Tautira,-17.7333,-149.15,81.64,74,70,12.12,PF,1595818800
515,Ambulu,-8.345,113.6058,80.64,75,48,6.22,ID,1595818800
516,Yichang,30.7144,111.2847,85.77,67,19,2.64,CN,1595818800
517,Ippy,6.2679,21.2247,67.59,97,100,1.25,CF,1595818800
518,Jiuquan,39.7432,98.5174,82.89,17,7,6.51,CN,1595818800
519,Ankazoabo,-22.2833,44.5167,54.55,68,0,5.93,MG,1595818800
520,Tsaitien,30.5833,114.0333,74.64,89,69,6.24,CN,1595818800
521,Bloomsburg,41.0037,-76.4549,77.32,61,65,2.62,US,1595818800
522,Homer,59.6425,-151.5483,57.69,66,1,2.75,US,1595818800
523,Kapit,2.0167,112.9333,87.8,80,57,1.52,MY,1595818800
524,Orekhovo,45.1294,33.6318,70.48,87,48,7.34,UA,1595818800
525,Komsomolets,53.7453,62.0708,60.69,85,91,6.98,KZ,1595818800
526,Coolum Beach,-26.5333,153.1,68.11,54,11,9.53,AU,1595818800
527,Eyl,7.9803,49.8164,79.05,68,3,13.91,SO,1595818800
528,Luena,-11.7833,19.9167,49.62,59,0,4.52,AO,1595818800
529,Poum,-20.2333,164.0167,73.87,78,32,7.83,NC,1595818800
530,Troitskoye,52.9821,84.6757,66.16,82,12,4.65,RU,1595818800
531,Tiznit Province,29.5833,-9.5,75.29,51,0,2.59,MA,1595818800
532,Hella,67.2,14.4333,60.78,65,69,15.55,NO,1595818800
533,Palmer,42.1584,-72.3287,77.32,59,87,4.41,US,1595818800
534,Henderson,36.0397,-114.9819,99.82,11,6,9.31,US,1595818800
535,Baljevac,44.8206,15.7799,62.24,78,50,0.49,BA,1595818800
536,Antofagasta,-23.65,-70.4,55.81,74,12,2.04,CL,1595818800
537,Christchurch,-43.5333,172.6333,51.31,76,0,7.07,NZ,1595818800
538,Yurginskoye,56.8189,67.3921,62.44,79,52,5.5,RU,1595818800
539,Krasnosel'kup,65.7,82.4667,55.8,63,67,13.09,RU,1595818800
540,Nantucket,41.2835,-70.0995,76.41,89,79,22.62,US,1595818800
541,San Juan,-31.5375,-68.5364,56.48,34,14,13.98,AR,1595818800
542,Guerrero Negro,27.9769,-114.0611,71.49,75,0,17.29,MX,1595818800
543,Belaya Gora,68.5333,146.4167,71.26,49,49,11.99,RU,1595818800
544,Point Fortin,10.1833,-61.6833,80.96,83,21,7.87,TT,1595818800
545,Mahajanga,-15.7167,46.3167,71.22,60,84,11.21,MG,1595818800
546,Malbork,54.0359,19.0266,61.07,97,100,5.88,PL,1595818800
547,Lagos,6.5833,3.75,75.97,87,66,5.97,NG,1595818800
548,Huarmey,-10.0681,-78.1522,60.24,86,3,6.85,PE,1595818800
549,Noumea,-22.2763,166.4572,78.67,60,6,9.93,NC,1595818800
550,Khasan,42.4308,130.6434,66.09,95,100,9.08,RU,1595818800
551,Kodinsk,58.6881,99.1844,65.37,77,54,2.53,RU,1595818800
552,Churapcha,62.0025,132.4325,76.55,41,82,4.45,RU,1595818800
